/*
SQLyog Ultimate v12.5.1 (64 bit)
MySQL - 8.0.20 : Database - universitas
*********************************************************************
*/

/*!40101 SET NAMES utf8 */;

/*!40101 SET SQL_MODE=''*/;

/*!40014 SET @OLD_UNIQUE_CHECKS=@@UNIQUE_CHECKS, UNIQUE_CHECKS=0 */;
/*!40014 SET @OLD_FOREIGN_KEY_CHECKS=@@FOREIGN_KEY_CHECKS, FOREIGN_KEY_CHECKS=0 */;
/*!40101 SET @OLD_SQL_MODE=@@SQL_MODE, SQL_MODE='NO_AUTO_VALUE_ON_ZERO' */;
/*!40111 SET @OLD_SQL_NOTES=@@SQL_NOTES, SQL_NOTES=0 */;
CREATE DATABASE /*!32312 IF NOT EXISTS*/`universitas` /*!40100 DEFAULT CHARACTER SET utf8mb4 COLLATE utf8mb4_0900_ai_ci */ /*!80016 DEFAULT ENCRYPTION='N' */;

USE `universitas`;

/*Table structure for table `tb_inbox` */

DROP TABLE IF EXISTS `tb_inbox`;

CREATE TABLE `tb_inbox` (
  `id` int NOT NULL AUTO_INCREMENT,
  `input_user` varchar(255) DEFAULT NULL,
  `flag` int DEFAULT NULL,
  PRIMARY KEY (`id`)
) ENGINE=InnoDB AUTO_INCREMENT=392 DEFAULT CHARSET=utf8mb4 COLLATE=utf8mb4_0900_ai_ci;

/*Data for the table `tb_inbox` */

insert  into `tb_inbox`(`id`,`input_user`,`flag`) values 
(1,'Imlk kpn',1),
(2,'Imlk',1),
(3,'Nypi',1),
(4,'Brengsekguxhflj',1),
(5,'Dyfug',1),
(6,'Nypi',1),
(7,'R6yfugurydy',1),
(8,'P',1),
(9,'Apakah nyepi tanggal 25 mei',1),
(10,'Test',1),
(11,'Test',1),
(12,'Test',1),
(13,'Alo',1),
(14,'Nypi',1),
(15,'O',1),
(16,'I',1),
(17,'Nyepi',1),
(18,'P',1),
(19,'Nypi',1),
(20,'P',1),
(21,'Nypi',1),
(22,'P',1),
(23,'P',1),
(24,'P',1),
(25,'P',1),
(26,'P',1),
(27,'P',1),
(28,'P',1),
(29,'Hgy',1),
(30,'P',1),
(31,'P',1),
(32,'Nypi',1),
(33,'Ufutur',1),
(34,'Urututu',1),
(35,'Rururu',1),
(36,'Jgiffu',1),
(37,'Nypi',1),
(38,'Nyepi',1),
(39,'Nypi',1),
(40,'J',1),
(41,'P',1),
(42,'U',1),
(43,'J',1),
(44,'Hlo',1),
(45,'Ydhd',1),
(46,'Nypi',1),
(47,'Jskaa',1),
(48,'Nypi',1),
(49,'P',1),
(50,'Nypi',1),
(51,'Nypi',1),
(52,'Nypi',1),
(53,'Nypi',1),
(54,'P',1),
(55,'Nypi',1),
(56,'Nypi',1),
(57,'Nypi',1),
(58,'Hffv',1),
(59,'Nypi',1),
(60,'Nypi',1),
(61,'Nypi',1),
(62,'P',1),
(63,'Ghx',1),
(64,'1jan',1),
(65,'P',1),
(66,'P',1),
(67,'Nyepi',1),
(68,'Nyepi',1),
(69,'Hmaq',1),
(70,'Kaknsoks',1),
(71,'Xxxxx',1),
(72,'Xxxxx',1),
(73,'Xxxxxx',1),
(74,'Nyepi',1),
(75,'Nypi',1),
(76,'N',1),
(77,'N',1),
(78,'P',1),
(79,'N',1),
(80,'Xxxxxxx',1),
(81,'N',1),
(82,'Xxxxxxx',1),
(83,'N',1),
(84,'N',1),
(85,'N',1),
(86,'N',1),
(87,'N',1),
(88,'N',1),
(89,'Nyepi',1),
(90,'Kpn nypi',1),
(91,'Nyepi woi',1),
(92,'Nyepi',1),
(93,'P',1),
(94,'N',1),
(95,'Nypi',1),
(96,'N',1),
(97,'Nypi',1),
(98,'Nypi',1),
(99,'nyepi',1),
(100,'Nypi',1),
(101,'Nypi',1),
(102,'Nypi',1),
(103,'Nyepi',1),
(104,'Nypi',1),
(105,'P',1),
(106,'Alo',1),
(107,'Anjg',1),
(108,'Ny',1),
(109,'Nypi',1),
(110,'Kpn y nypi',1),
(111,'Nypi',1),
(112,'Imlk',1),
(113,'Nypi',1),
(114,'N',1),
(115,'ny',1),
(116,'ny',1),
(117,'ny',1),
(118,'ny',1),
(119,'ny',1),
(120,'iml',1),
(121,'iml',1),
(122,'iml',1),
(123,'iml',1),
(124,'iml',1),
(125,'iml',1),
(126,'iml',1),
(127,'1',1),
(128,'iml',1),
(129,'iml',1),
(130,'iml',1),
(131,'iml',1),
(132,'iml',1),
(133,'iml',1),
(134,'iml',1),
(135,'iml',1),
(136,'iml',1),
(137,'iml',1),
(138,'iml',1),
(139,'iml',1),
(140,'iml',1),
(141,'iml',1),
(142,'iml',1),
(143,'iml',1),
(144,'iml',1),
(145,'iml',1),
(146,'iml',1),
(147,'iml',1),
(148,'iml',1),
(149,'iml',1),
(150,'iml',1),
(151,'iml',1),
(152,'iml',1),
(153,'iml',1),
(154,'iml',1),
(155,'iml',1),
(156,'nypi',1),
(157,'imlek',1),
(158,'nypi',1),
(159,'iml',1),
(160,'iml',1),
(161,'iml',1),
(162,'iml',1),
(163,'iml',1),
(164,'iml',1),
(165,'iml',1),
(166,'iml',1),
(167,'iml',1),
(168,'iml',1),
(169,'iml',1),
(170,'ids',1),
(171,'p',1),
(172,'p',1),
(173,'p',1),
(174,'iml',1),
(175,'iml',1),
(176,'iml',1),
(177,'imk',1),
(178,'iml',1),
(179,'iml',1),
(180,'iml',1),
(181,'iml',1),
(182,'iml',1),
(183,'iml',1),
(184,'iml',1),
(185,'iml',1),
(186,'iml',1),
(187,'iml',1),
(188,'imlk',1),
(189,'imlek',1),
(190,'nyepi',1),
(191,'nyepi',1),
(192,'nyepi',1),
(193,'nyepi',1),
(194,'iml',1),
(195,'imlek',1),
(196,'iml',1),
(197,'nyepi',1),
(198,'iml',1),
(199,'iml',1),
(200,'iml',1),
(201,'iml',1),
(202,'iml',1),
(203,'iml',1),
(204,'iml',1),
(205,'iml',1),
(206,'iml',1),
(207,'iml',1),
(208,'iml',1),
(209,'iml',1),
(210,'iml',1),
(211,'iml',1),
(212,'iml',1),
(213,'iml',1),
(214,'iml',1),
(215,'iml',1),
(216,'ffd',1),
(217,'iml',1),
(218,'iml',1),
(219,'iml',1),
(220,'iml',1),
(221,'iml',1),
(222,'iml',1),
(223,'iml',1),
(224,'iml',1),
(225,'iml',1),
(226,'iml',1),
(227,'iml',1),
(228,'iml',1),
(229,'iml',1),
(230,'iml',1),
(231,'iml',1),
(232,'iml',1),
(233,'iml',1),
(234,'iml',1),
(235,'iml',1),
(236,'iml',1),
(237,'iml',1),
(238,'iml',1),
(239,'iml',1),
(240,'iml',1),
(241,'iml',1),
(242,'iml',1),
(243,'iml',1),
(244,'iml',1),
(245,'iml',1),
(246,'iml',1),
(247,'iml',1),
(248,'iml',1),
(249,'iml',1),
(250,'iml',1),
(251,'iml',1),
(252,'iml',1),
(253,'iml',1),
(254,'iml',1),
(255,'iml',1),
(256,'iml',1),
(257,'iml',1),
(258,'iml',1),
(259,'?',1),
(260,'iml',1),
(261,'iml',1),
(262,'iml',1),
(263,'iml',1),
(264,'iml',1),
(265,'iml',1),
(266,'iml',1),
(267,'iml',1),
(268,'iml',1),
(269,'iml',1),
(270,'iml',1),
(271,'iml',1),
(272,'iml',1),
(273,'iml',1),
(274,'iml',1),
(275,'imlek',1),
(276,'iml',1),
(277,'iml',1),
(278,'klo nyepi?',1),
(279,'halo',1),
(280,'hai',1),
(281,'hai',1),
(282,'nypi',1),
(283,'nyepi?',1),
(284,'nypi',1),
(285,'nypi',1),
(286,'haloooo',1),
(287,'hau',1),
(288,'hai',1),
(289,'masehi',1),
(290,'kapan yak tahun baru masehi',1),
(291,'halo',1),
(292,'hai',1),
(293,'halo',1),
(294,'hlo',1),
(295,'nypi',1),
(296,'nypi',1),
(297,'nypi',1),
(298,'iml',1),
(299,'iml',1),
(300,'22 maret ada apa',1),
(301,'25 januari',1),
(302,'25',1),
(303,'halo',1),
(304,'nypi',1),
(305,'nypi',1),
(306,'nypi',1),
(307,'nypi',1),
(308,'25 januari',1),
(309,'januari ada apa',1),
(310,'nypi',1),
(311,'nypi',1),
(312,'imlk',1),
(313,'kapan ya imlek',1),
(314,'kpn y imlek',1),
(315,'kpn y imlek',1),
(316,'imlk',1),
(317,'imlk kpn y',1),
(318,'imlk',1),
(319,'halo',1),
(320,'P',1),
(321,'halo',1),
(322,'hal',1),
(323,'hai',1),
(324,'nypi',1),
(325,'halo',1),
(326,'nypi',1),
(327,'nypi',1),
(328,'nypi',1),
(329,'nypi',1),
(330,'nypi',1),
(331,'halo',1),
(332,'nypi',1),
(333,'halo',1),
(334,'halo',1),
(335,'halo',1),
(336,'halo',1),
(337,'halo',1),
(338,'halo',1),
(339,'halo',1),
(340,'halo',1),
(341,'array',1),
(342,'halo',1),
(343,'halo',1),
(344,'halo',1),
(345,'hai',1),
(346,'iya',1),
(347,'p',1),
(348,'aljsdohsiojdoiws',1),
(349,'halo',1),
(350,'sjajks',1),
(351,'nypi kpn y',1),
(352,'nypi kapaan',1),
(353,'/start',1),
(354,'y',1),
(355,'yesus',1),
(356,'25 januari',1),
(357,'25januari',1),
(358,'ya',1),
(359,'y',1),
(360,'yesus',1),
(361,'yes',1),
(362,'25 januari',1),
(363,'25januari',1),
(364,'kalau 25januari tu ada apa',1),
(365,'21mei2020 ada apa',1),
(366,'mei',1),
(367,'kpan hari raya nypi',1),
(368,'kpn nyepi',1),
(369,'kpn hri ry nypi',1),
(370,'kpn',1),
(371,'kpan',1),
(372,'nypi',1),
(373,'nypi',1),
(374,'ye',1),
(375,'ys',1),
(376,'yes',1),
(377,'kpn ya hri ry nypi',1),
(378,'kpn y nypi',1),
(379,'kpn y nypi',1),
(380,'kpn y nypi',1),
(381,'kpn y nypi',1),
(382,'kpn y nypi',1),
(383,'kpn ya nypi',1),
(384,'25maret ada apa',1),
(385,'Nypi',1),
(386,'Iya nyepi kapan',1),
(387,'Bro?',1),
(388,'Duhhhh',1),
(389,'P',1),
(390,'Halo',1),
(391,'Hai',1);

/*Table structure for table `tb_keyword` */

DROP TABLE IF EXISTS `tb_keyword`;

CREATE TABLE `tb_keyword` (
  `id` int NOT NULL AUTO_INCREMENT,
  `keyword` char(255) DEFAULT NULL,
  PRIMARY KEY (`id`)
) ENGINE=InnoDB AUTO_INCREMENT=13 DEFAULT CHARSET=utf8mb4 COLLATE=utf8mb4_0900_ai_ci;

/*Data for the table `tb_keyword` */

insert  into `tb_keyword`(`id`,`keyword`) values 
(1,'masehi'),
(2,'imlek'),
(3,'isra'),
(4,'nyepi'),
(5,'yesus'),
(6,'1januari'),
(7,'25januari'),
(8,'22maret'),
(9,'25maret'),
(10,'21mei'),
(11,'halo'),
(12,'hai');

/*Table structure for table `tb_outbox` */

DROP TABLE IF EXISTS `tb_outbox`;

CREATE TABLE `tb_outbox` (
  `id` int NOT NULL AUTO_INCREMENT,
  `id_inbox` int DEFAULT NULL,
  `output_bot` varchar(255) DEFAULT NULL,
  `flag` int DEFAULT NULL,
  PRIMARY KEY (`id`),
  KEY `id_inbox` (`id_inbox`),
  CONSTRAINT `tb_outbox_ibfk_1` FOREIGN KEY (`id_inbox`) REFERENCES `tb_inbox` (`id`)
) ENGINE=InnoDB AUTO_INCREMENT=148 DEFAULT CHARSET=utf8mb4 COLLATE=utf8mb4_0900_ai_ci;

/*Data for the table `tb_outbox` */

insert  into `tb_outbox`(`id`,`id_inbox`,`output_bot`,`flag`) values 
(1,45,'tidak dimengerti',1),
(2,47,'tidak dimengerti',1),
(3,58,'tidak dimengerti',1),
(4,63,'tidak dimengerti',1),
(5,72,'tidak dimengerti',1),
(6,73,'tidak dimengerti',1),
(7,80,'tidak dimengerti',1),
(8,82,'tidak dimengerti',1),
(9,107,'tidak dimengerti',1),
(10,109,'nyepi',1),
(11,110,'y',1),
(12,111,'nyepi',1),
(13,112,'imlek',1),
(14,120,'None ',1),
(15,125,'None',1),
(16,130,'None None',1),
(17,131,'None None',1),
(18,135,'\'None\' \'None\'',1),
(19,136,'[None] [None]',1),
(20,138,'None None',1),
(21,139,'[None] [None]',1),
(22,147,'None None',1),
(23,148,'None None',1),
(24,171,'yeah',1),
(25,173,'1 Januari 2020',1),
(26,176,'[] []',1),
(27,178,'[]',1),
(28,180,'None',1),
(29,181,'None',1),
(30,182,'[None]',1),
(31,183,'{0}',1),
(32,184,'{0}',1),
(33,185,'5',1),
(34,186,'[(\'Kalau Kenaikan Yesus Kristus sih tanggal:\',)] [(\'21 Mei 2020\',)]',1),
(35,187,'[(\'Kalau Kenaikan Yesus Kristus sih tanggal:\',)] [(\'21 Mei 2020\',)]',1),
(36,188,'(\'Kalau Kenaikan Yesus Kristus sih tanggal:\',) (\'21 Mei 2020\',)',1),
(37,189,'(\'Kalau Kenaikan Yesus Kristus sih tanggal:\',) (\'21 Mei 2020\',)',1),
(38,190,'(\'Kalau Kenaikan Yesus Kristus sih tanggal:\',) (\'21 Mei 2020\',)',1),
(39,191,'(\'Kalau Kenaikan Yesus Kristus sih tanggal:\',) (\'21 Mei 2020\',)',1),
(40,192,'(\'Kalau Kenaikan Yesus Kristus sih tanggal:\',) (\'21 Mei 2020\',)',1),
(41,193,'(\'Kalau Kenaikan Yesus Kristus sih tanggal:\',) (\'21 Mei 2020\',)',1),
(42,195,'(\'Kalau Kenaikan Yesus Kristus sih tanggal:\',) (\'21 Mei 2020\',)',1),
(43,196,'(\'Kalau Kenaikan Yesus Kristus sih tanggal:\',) (\'21 Mei 2020\',)',1),
(44,197,'(\'Kalau Kenaikan Yesus Kristus sih tanggal:\',) (\'21 Mei 2020\',)',1),
(45,208,'(2,)',1),
(46,209,'( 2 , )',1),
(47,210,'(',1),
(48,211,'(',1),
(49,212,'2',1),
(50,216,'tidak dimengerti',1),
(51,233,'[] []',1),
(52,237,' ',1),
(53,238,'2',1),
(54,239,'2',1),
(55,240,'2',1),
(56,241,'\'',1),
(57,242,'(',1),
(58,243,'\'',1),
(59,244,',',1),
(60,246,'(\' \',)',1),
(61,248,'(\' \',)',1),
(62,249,' ',1),
(63,251,'[(\'25 Januari 2020\',), (\' \',)]',1),
(64,252,'[(\'Kalau Imlek sih ya, Jatuhnya tanggal:\',), (\'Sedang ingin mencari tanggal?\',)] [(\'25 Januari 2020\',), (\' \',)]',1),
(65,255,'[] []',1),
(66,256,'[] []',1),
(67,258,'[] []',1),
(68,259,'tidak dimengerti',1),
(69,260,'None None',1),
(70,261,'[] []',1),
(71,262,'[] []',1),
(72,264,'[] []',1),
(73,265,'[] []',1),
(74,266,'2',1),
(75,267,'[(\'Kalau Imlek sih ya, Jatuhnya tanggal:\',)] [(\'25 Januari 2020\',)]',1),
(76,268,'[(\'Kalau Imlek sih ya, Jatuhnya tanggal:\',)] [(\'25 Januari 2020\',)]',1),
(77,269,'(\'Kalau Imlek sih ya, Jatuhnya tanggal:\',) [(\'25 Januari 2020\',)]',1),
(78,270,'(\'Kalau Imlek sih ya, Jatuhnya tanggal:\',) (\'25 Januari 2020\',)',1),
(79,271,'(\'Kalau Imlek sih ya, Jatuhnya tanggal:\',),(\'25 Januari 2020\',)',1),
(80,272,'(\'Kalau Imlek sih ya, Jatuhnya tanggal:\',)(\'25 Januari 2020\',)',1),
(81,273,'[(\'25 Januari 2020\',)][(\'Kalau Imlek sih ya, Jatuhnya tanggal:\',)]',1),
(82,274,'[(\'25 Januari 2020\',)](\'Kalau Imlek sih ya, Jatuhnya tanggal:\',)',1),
(83,275,'(\'25 Januari 2020\',)(\'Kalau Imlek sih ya, Jatuhnya tanggal:\',)',1),
(84,276,'Kalau Imlek sih ya, Jatuhnya tanggal:25 Januari 2020',1),
(85,277,'Kalau Imlek sih ya, Jatuhnya tanggal: 25 Januari 2020',1),
(86,278,'Nyepi ya...hmm...tanggal: 25 Maret 2020',1),
(87,285,'Nyepi ya...hmm...tanggal: 25 Maret 2020',1),
(88,286,'tidak dimengerti',1),
(89,289,'Oalah Tahun Baru Masehi? Itusih tanggal: 1 Januari 2020',1),
(90,290,'Oalah Tahun Baru Masehi? Itusih tanggal: 1 Januari 2020',1),
(91,295,'4',1),
(92,296,'(4,)',1),
(93,297,'(',1),
(94,300,'tidak dimengerti',1),
(95,308,'None 25 Maret 2020',1),
(96,309,'None 25 Januari 2020',1),
(97,310,'Nyepi ya...hmm...tanggal: 25 Maret 2020',1),
(98,311,'Nyepi ya...hmm...tanggal: 25 Maret 2020',1),
(99,312,'Kalau Imlek sih ya, Jatuhnya tanggal: 25 Januari 2020',1),
(100,313,'Kalau Imlek sih ya, Jatuhnya tanggal: 25 Januari 2020',1),
(101,314,'Kalau Kenaikan Yesus Kristus sih tanggal: 21 Mei 2020',1),
(102,316,'Kalau Imlek sih ya, Jatuhnya tanggal: 25 Januari 2020',1),
(103,322,'Oalah Tahun Baru Masehi? Itusih tanggal: 1 Januari 2020',1),
(104,323,'Oalah Tahun Baru Masehi? Itusih tanggal: 1 Januari 2020',1),
(105,324,'Nyepi ya...hmm...tanggal: 25 Maret 2020',1),
(106,329,'Nyepi ya...hmm...tanggal: 25 Maret 2020',1),
(107,331,'Oalah Tahun Baru Masehi? Itusih tanggal: 1 Januari 2020',1),
(108,332,'Nyepi ya...hmm...tanggal: 25 Maret 2020',1),
(109,333,'Oalah Tahun Baru Masehi? Itusih tanggal: 1 Januari 2020',1),
(110,334,'Oalah Tahun Baru Masehi? Itusih tanggal: 1 Januari 2020',1),
(111,335,'Oalah Tahun Baru Masehi? Itusih tanggal: 1 Januari 2020',1),
(112,336,'Oalah Tahun Baru Masehi? Itusih tanggal: 1 Januari 2020',1),
(113,337,'Oalah Tahun Baru Masehi? Itusih tanggal: 1 Januari 2020',1),
(114,338,'Oalah Tahun Baru Masehi? Itusih tanggal: 1 Januari 2020',1),
(115,339,'Oalah Tahun Baru Masehi? Itusih tanggal: 1 Januari 2020',1),
(116,340,'Oalah Tahun Baru Masehi? Itusih tanggal: 1 Januari 2020',1),
(117,342,'Oalah Tahun Baru Masehi? Itusih tanggal: 1 Januari 2020',1),
(118,343,'Oalah Tahun Baru Masehi? Itusih tanggal: 1 Januari 2020',1),
(119,344,'Ada yang bisa dibantu? p',1),
(120,345,'Sedang ingin mencari tanggal?  ',1),
(121,349,'Ada yang bisa dibantu?  ',1),
(122,350,'tidak dimengerti',1),
(123,352,'Nyepi ya...hmm...tanggal: 25 Maret 2020',1),
(124,355,'Kalau Kenaikan Yesus Kristus sih tanggal: 21 Mei 2020',1),
(125,357,'None 1 Januari 2020',1),
(126,358,'tidak dimengerti',1),
(127,360,'Kalau Kenaikan Yesus Kristus sih tanggal: 21 Mei 2020',1),
(128,363,'None  ',1),
(129,364,'None  ',1),
(130,366,'Sedang ingin mencari tanggal?  ',1),
(131,368,'Nyepi ya...hmm...tanggal: 25 Maret 2020',1),
(132,369,'Nyepi ya...hmm...tanggal: 25 Maret 2020',1),
(133,370,'tidak dimengerti',1),
(134,371,'tidak dimengerti',1),
(135,372,'Nyepi ya...hmm...tanggal: 25 Maret 2020',1),
(136,373,'Nyepi ya...hmm...tanggal: 25 Maret 2020',1),
(137,375,'tidak dimengerti',1),
(138,376,'Kalau Kenaikan Yesus Kristus sih tanggal: 21 Mei 2020',1),
(139,377,'Nyepi ya...hmm...tanggal: 25 Maret 2020',1),
(140,383,'Nyepi ya...hmm...tanggal: 25 Maret 2020',1),
(141,384,'None  ',1),
(142,385,'Nyepi ya...hmm...tanggal: 25 Maret 2020',1),
(143,386,'Nyepi ya...hmm...tanggal: 25 Maret 2020',1),
(144,387,'tidak dimengerti',1),
(145,388,'tidak dimengerti',1),
(146,390,'Ada yang bisa dibantu?  ',1),
(147,391,'Sedang ingin mencari tanggal?  ',1);

/*Table structure for table `tb_result` */

DROP TABLE IF EXISTS `tb_result`;

CREATE TABLE `tb_result` (
  `id` int NOT NULL AUTO_INCREMENT,
  `id_keyword` int DEFAULT NULL,
  `head_result` varchar(255) CHARACTER SET utf8mb4 COLLATE utf8mb4_0900_ai_ci DEFAULT NULL,
  `date_result` varchar(255) CHARACTER SET utf8mb4 COLLATE utf8mb4_0900_ai_ci DEFAULT NULL,
  `text_result` varchar(255) CHARACTER SET utf8mb4 COLLATE utf8mb4_0900_ai_ci DEFAULT NULL,
  PRIMARY KEY (`id`),
  KEY `id_keyword` (`id_keyword`),
  CONSTRAINT `tb_result_ibfk_1` FOREIGN KEY (`id_keyword`) REFERENCES `tb_keyword` (`id`)
) ENGINE=InnoDB AUTO_INCREMENT=15 DEFAULT CHARSET=utf8mb4 COLLATE=utf8mb4_0900_ai_ci;

/*Data for the table `tb_result` */

insert  into `tb_result`(`id`,`id_keyword`,`head_result`,`date_result`,`text_result`) values 
(1,1,'Tahun Baru Masehi','1 Januari 2020','Oalah Tahun Baru Masehi? Itusih tanggal:'),
(2,2,'Tahun Baru Imlek','25 Januari 2020','Kalau Imlek sih ya, Jatuhnya tanggal:'),
(3,3,'Isra\' Mi\'raj Nabi Muhammad SAW','22 Maret 2020','Isra\' Mi\'raj Nabi Muhammad tuh jatuhnya tanggal:'),
(4,4,'Hari Raya Nyepi','25 Maret 2020','Nyepi ya...hmm...tanggal:'),
(6,5,'Kenaikan Yesus Kristus','21 Mei 2020','Kalau Kenaikan Yesus Kristus sih tanggal:'),
(7,6,'Tahun Baru Masehi',' ',NULL),
(8,7,'Tahun Baru Imlek',' ',NULL),
(9,8,'Isra\' Mi\'raj Nabi Muhammad SAW',' ',NULL),
(10,9,'Hari Raya Nyepi',' ',NULL),
(11,10,'Kenaikan Yesus Kristus',' ',NULL),
(13,11,'Hai Juga',' ','Ada yang bisa dibantu?'),
(14,12,'Halooo~',' ','Sedang ingin mencari tanggal?');

/*!40101 SET SQL_MODE=@OLD_SQL_MODE */;
/*!40014 SET FOREIGN_KEY_CHECKS=@OLD_FOREIGN_KEY_CHECKS */;
/*!40014 SET UNIQUE_CHECKS=@OLD_UNIQUE_CHECKS */;
/*!40111 SET SQL_NOTES=@OLD_SQL_NOTES */;
